-- phpMyAdmin SQL Dump
-- version 5.2.1
-- https://www.phpmyadmin.net/
--
-- Host: 127.0.0.1
-- Generation Time: Aug 22, 2023 at 04:56 AM
-- Server version: 10.4.28-MariaDB
-- PHP Version: 8.2.4

SET SQL_MODE = "NO_AUTO_VALUE_ON_ZERO";
START TRANSACTION;
SET time_zone = "+00:00";


/*!40101 SET @OLD_CHARACTER_SET_CLIENT=@@CHARACTER_SET_CLIENT */;
/*!40101 SET @OLD_CHARACTER_SET_RESULTS=@@CHARACTER_SET_RESULTS */;
/*!40101 SET @OLD_COLLATION_CONNECTION=@@COLLATION_CONNECTION */;
/*!40101 SET NAMES utf8mb4 */;

--
-- Database: `edeskdb`
--

-- --------------------------------------------------------

--
-- Table structure for table `adminaddoffice`
--

CREATE TABLE `adminaddoffice` (
  `id` int(20) NOT NULL,
  `title` varchar(255) NOT NULL,
  `description` varchar(255) NOT NULL
) ENGINE=InnoDB DEFAULT CHARSET=utf8mb4 COLLATE=utf8mb4_general_ci;

--
-- Dumping data for table `adminaddoffice`
--

INSERT INTO `adminaddoffice` (`id`, `title`, `description`) VALUES
(13, 'Students', 'A dynamic community of learners who engage in academic pursuits, extracurricular activities, and personal growth within the educational environment of the institution.'),
(14, 'Faculty Members', 'Dedicated educators and experts who impart knowledge, mentor students, conduct research, and contribute to the intellectual vibrancy of the institution.'),
(15, 'Vice-Chancellor Office', 'The administrative hub overseeing the overall direction and management of the university, responsible for policy decisions, strategic planning, and maintaining academic excellence.'),
(16, 'Audit Cell', 'A department tasked with ensuring financial transparency and compliance by conducting regular audits of the university&#039;s financial operations and records.'),
(17, 'Treasurer Office', 'Responsible for managing the university&#039;s financial resources, including budgeting, fund allocation, investments, and financial planning.'),
(18, 'Dean Office', 'Serving as academic leaders, deans oversee specific academic colleges or departments, working to maintain academic standards, curriculum development, and student success.'),
(19, 'Registrar Office', 'The administrative center for student records and academic services, responsible for enrollment, registration, transcripts, and maintaining academic records.'),
(20, 'Central Library', 'A knowledge hub offering a vast collection of books, research materials, digital resources, and study spaces to support students and faculty in their academic endeavors.'),
(21, 'Proctor Office', 'In charge of maintaining discipline, student welfare, and campus safety, the proctor office ensures a conducive and respectful environment for all members of the university community.'),
(22, 'Finance &amp; Accounts', 'The department handling financial transactions, accounting, and budget management for the university, ensuring proper allocation and utilization of funds.'),
(23, 'Cafeteria', 'A social hub where students, faculty, and staff can enjoy meals, snacks, and refreshments while fostering a sense of community and relaxation.'),
(24, 'ICT Cell', 'Responsible for managing and maintaining the university&#039;s information and communication technology infrastructure, supporting connectivity, software, and technical services.'),
(25, 'Transport Office', 'Oversees transportation services for students and faculty, managing routes, schedules, and ensuring safe and efficient transportation options within the campus.');

-- --------------------------------------------------------

--
-- Table structure for table `adminmanagement`
--

CREATE TABLE `adminmanagement` (
  `id` int(20) NOT NULL,
  `userid` varchar(255) NOT NULL,
  `password` varchar(255) NOT NULL,
  `firstname` varchar(255) NOT NULL,
  `lastname` varchar(255) NOT NULL,
  `picture` varchar(255) NOT NULL
) ENGINE=InnoDB DEFAULT CHARSET=utf8mb4 COLLATE=utf8mb4_general_ci;

--
-- Dumping data for table `adminmanagement`
--

INSERT INTO `adminmanagement` (`id`, `userid`, `password`, `firstname`, `lastname`, `picture`) VALUES
(1, 'admin', 'admin', 'Sajeeb', 'Saha', ''),
(4, 'test', 'test', 'Dr. Kamal Uddin', 'Ahmed', '');

-- --------------------------------------------------------

--
-- Table structure for table `post`
--

CREATE TABLE `post` (
  `id` int(20) NOT NULL,
  `title` varchar(255) NOT NULL,
  `body` mediumtext NOT NULL,
  `picture` varchar(255) NOT NULL,
  `office_id` int(20) NOT NULL,
  `author_id` int(20) NOT NULL,
  `user_id` int(20) NOT NULL,
  `type` varchar(255) NOT NULL,
  `post_type` varchar(255) NOT NULL,
  `date_time` timestamp NOT NULL DEFAULT current_timestamp(),
  `status` varchar(255) NOT NULL,
  `comment` varchar(255) NOT NULL
) ENGINE=InnoDB DEFAULT CHARSET=utf8mb4 COLLATE=utf8mb4_general_ci;

--
-- Dumping data for table `post`
--

INSERT INTO `post` (`id`, `title`, `body`, `picture`, `office_id`, `author_id`, `user_id`, `type`, `post_type`, `date_time`, `status`, `comment`) VALUES
(26, 'B190305003', 'I am writing to express my utmost disappointment and frustration with the recent customer service experience I encountered with your company. As a loyal customer, I have always expected a certain level of professionalism and assistance, but unfortunately, my recent interaction fell far short of those expectations.\r\n\r\n   A few days ago, I called your customer service helpline to address an issue I was facing with a product I had purchased from your online store. Not only did the representative on the other end of the line seem disinterested in my concerns, but their tone and attitude were also outright rude. I was taken aback by the lack of empathy and unwillingness to assist.\r\n\r\n   Customer service should be the cornerstone of any successful business. It&#039;s not just about solving problems; it&#039;s about making customers feel valued and heard. In this regard, your company has certainly failed. I felt like my concerns were brushed aside and that my experience as a customer was inconsequential.', '16925257091.jpg', 17, 0, 13, 'Complain: C-', 'Complain', '2023-08-20 10:01:49', 'Approved', 'We have received your complain. Your complain will be resolved as soon as possible.'),
(27, 'B190305003', 'I am writing to express my extreme disappointment with the recent purchase I made from your company. The item I ordered was delivered to me in a condition that can only be described as unacceptable. It&#039;s evident that the quality control measures in place were lacking, leading to the delivery of a defective product.\r\n\r\n   When I received the package and opened it with excitement, my enthusiasm quickly turned into frustration. The product&#039;s packaging was damaged, and upon closer inspection, I realized that the item itself had scratches and visible flaws. It&#039;s baffling how a product in such a condition could have passed any kind of quality check.\r\n\r\n   As a customer, I have certain expectations when I make a purchase. I expect the product to be in the condition as described and shown on your website. In this instance, those expectations were not met, and it&#039;s disappointing to think that my hard-earned money was spent on a subpar item.\r\n\r\n   I insist on a swift resolution to this matter. I demand a replacement for the defective product I received, and I expect it to be delivered in a timely manner. Alternatively, I request a full refund for my purchase. Furthermore, I strongly encourage your company to revisit its quality control procedures to prevent such instances from happening in the future.\r\n\r\n   It&#039;s crucial to maintain customer trust and uphold the reputation of your brand. I hope you take this complaint seriously and treat it as an opportunity to rectify the situation and enhance the overall customer experience. I believe in giving feedback with the intention of helping a company improve, and I trust that you will take the necessary steps to address this issue.', '16925257972.jpg', 19, 0, 13, 'Suggestion: S-', 'Suggestion', '2023-08-20 10:03:17', 'Approved', 'We have received your suggestion. Thank you!'),
(28, 'B190305003', 'I am writing to express my serious concern and disappointment regarding unauthorized charges that have appeared on my bank statement from your company. This is an alarming situation that requires immediate attention and resolution.\r\n\r\n   As a vigilant individual, I regularly review my bank statements to ensure the accuracy of my financial transactions. To my shock, I discovered multiple charges from your company that I have no knowledge of or authorized. This raises serious questions about the security of my personal and financial information stored in your systems.\r\n\r\n   Identity theft and unauthorized charges can have severe consequences for individuals, both financially and emotionally. The fact that such incidents can occur with a company I trusted with my information is deeply troubling. I demand an explanation for how these unauthorized charges occurred and what measures your company is taking to rectify the situation.\r\n\r\n   I expect a full refund for the amount that was wrongfully charged to my account. Additionally, I request a thorough investigation into this matter to ensure that my personal information is secure and that this incident does not happen to other customers.\r\n\r\n   Your company&#039;s reputation is at stake here, and I implore you to take this matter seriously. Swift and decisive action is needed to regain my trust as a customer and prevent any further breaches of privacy. I hope to see a resolution to this issue in a timely manner and receive confirmation that the necessary steps have been taken to prevent such incidents in the future.\r\n', '16925258303.jpg', 13, 0, 13, 'Request: R-', 'Request', '2023-08-20 10:03:50', 'Approved', 'Thank you for your request. Stay with us.'),
(29, 'B190305034', 'I am writing to express my extreme disappointment and frustration regarding the late delivery of an order I placed with your company. This delay has not only inconvenienced me but has also caused me to miss an important deadline that I was relying on. This situation is entirely unacceptable, and I am compelled to bring it to your attention.\r\n\r\n   When I made the purchase from your online store, I was provided with an estimated delivery date that I relied upon for planning. Unfortunately, that date came and went without any sign of the package. I had made arrangements and commitments based on the assumption that the order would arrive on time, and the delay has caused me significant problems both personally and professionally.\r\n\r\n   Time-sensitive commitments are a common aspect of life, and customers rely on accurate delivery estimates to make informed decisions. In this case, your company&#039;s failure to meet its own promised timeline has resulted in tangible consequences for me.\r\n\r\n   I expect an immediate explanation for the cause of the delay and a commitment to ensuring that such delays do not occur in the future. Additionally, I demand appropriate compensation for the inconvenience and the negative impact this situation has had on my schedule and commitments.\r\n\r\n   It&#039;s important to acknowledge that reliable and punctual delivery is a key factor in customer satisfaction. I hope that this complaint prompts your company to take a closer look at its logistics and delivery processes to prevent such instances from occurring in the future.', '16925260384.jpg', 18, 0, 15, 'Complain: C-', 'Complain', '2023-08-20 10:07:18', 'Approved', 'We have received your complain. Your complain will be resolved as soon as possible.'),
(30, 'B190305034', ' I am writing to express my disappointment and frustration with the recent purchase I made from your company. The product I received is drastically different from the one described on your website, and this misrepresentation has left me feeling misled and dissatisfied as a customer.\r\n\r\n   When I made the purchase, I carefully reviewed the product description and images provided on your website to ensure that it met my needs and expectations. However, upon receiving the product, I was shocked to find that it did not match the description at all. The size, color, and features of the item were all different from what was advertised.\r\n\r\n   This situation is not only frustrating but also a waste of my time and money. I chose your company over others based on the information you provided, and it&#039;s disheartening to think that this information was inaccurate or misleading.\r\n\r\n   I insist on a resolution to this matter. I demand a full refund for the purchase and any associated shipping costs. Additionally, I encourage your company to take a closer look at its product listings to ensure that they are accurate and reflective of the actual items being sold.\r\n\r\n   Trust is a fundamental aspect of any customer-brand relationship. In this\r\n\r\n case, that trust has been compromised due to the mismatch between the advertised product and the one I received. I hope that you take this feedback seriously and use it as an opportunity to improve your product representation and customer experience.', '16925260805.jpg', 22, 0, 15, 'Suggestion: S-', 'Suggestion', '2023-08-20 10:08:00', 'Approved', 'We have received your suggestion. Thank you!'),
(31, 'B190305034', 'I am writing to request the possibility of expediting the shipping process for an order I recently placed with your company. The item in question is of utmost importance to me, and I am willing to pay an additional fee to ensure its swift delivery.\r\n\r\n   The urgency arises from a time-sensitive situation that requires the product to be in my possession as soon as possible. While I understand that standard shipping timelines apply to most orders, I kindly request your consideration in prioritizing this particular shipment.\r\n\r\n   I am fully aware that expedited shipping often incurs additional costs, and I am more than willing to bear those costs to ensure the timely receipt of the item. I value the convenience and reliability your company offers, and I hope you can accommodate my request in this exceptional situation.\r\n\r\n   Please let me know if expedited shipping is possible and provide me with the associated costs and estimated delivery date. Your assistance in this matter would greatly alleviate my current predicament, and I look forward to your prompt response.', '16925261076.jpg', 21, 0, 15, 'Request: R-', 'Request', '2023-08-20 10:08:27', 'Approved', 'Thank you for your request. Stay with us.'),
(32, 'B190305020', 'I am writing to inquire about the availability of a specific product listed on your website. I am interested in purchasing the item, but I noticed that it is currently out of stock. I would appreciate it if you could provide me with information about when the product will be restocked and available for purchase again.\r\n\r\n   The product in question is one that aligns perfectly with my needs, and I have been eagerly anticipating its availability. I would like to make the purchase as soon as it becomes available to ensure that I don&#039;t miss out on the opportunity.\r\n\r\n   Understanding that product availability can be subject to various factors, I am open to receiving updates about the restocking timeline and any relevant details. If there is a way to receive notifications when the product is back in stock, I would be grateful for that option as well.\r\n\r\n   Your prompt response and transparency about the restocking process would greatly assist me in planning my purchase. I am excited about the prospect of owning this product and appreciate your assistance in providing the necessary information.', '16925416797.jpg', 15, 0, 17, 'Complain: C-', 'Complain', '2023-08-20 14:27:59', 'Approved', 'We have received your complain. Your complain will be resolved as soon as possible.'),
(33, 'B190305020', 'I am writing to seek further information about the warranty associated with a product I recently purchased from your company. The product has been working well so far, but I would like to understand the specifics of the warranty coverage, its duration, and the steps I need to take in case I encounter any issues in the future.\r\n\r\n   As a responsible consumer, I believe it&#039;s important to be well-informed about the warranty terms to ensure that I can make the most of the protection provided. Additionally, having a clear understanding of the warranty will help me make informed decisions regarding any maintenance or repairs that may be necessary.\r\n\r\n   If there is a warranty booklet or online resource that outlines the terms and conditions in detail, I would greatly appreciate access to it. Alternatively, if you could provide a concise summary of the key points related to the warranty, it would be very helpful.\r\n\r\n   Warranty information contributes significantly to a customer&#039;s peace of mind when making a purchase. I hope you can assist me in acquiring this information so that I can continue to enjoy the product with confidence.', '16925417028.jpg', 18, 0, 17, 'Suggestion: S-', 'Suggestion', '2023-08-20 14:28:22', 'Approved', 'We have received your suggestion. Thank you!'),
(34, 'B190305020', 'I am writing to express my interest in making a substantial purchase from your company, but I have a request regarding the available payment options. Currently, the payment methods listed on your website are limited, and I believe that introducing more flexible payment options could encourage customers like me to make larger purchases.\r\n\r\n   Flexible payment options, such as installment plans or financing, can provide customers with greater financial flexibility and make it easier to afford higher-priced items. This approach has become increasingly popular in the retail industry and can be a significant factor in attracting a broader range of customers.\r\n\r\n   I understand that implementing new payment options may involve additional logistics and agreements with payment providers. However, I believe that the investment in providing these options could yield positive returns in terms of increased sales and customer satisfaction.\r\n\r\n   If there are plans to introduce more flexible payment methods in the near future, I would be keen to know about them. The availability of such options could greatly influence my decision to proceed with the purchase I am considering.\r\n\r\n   As a customer who values your products and services, I hope you take this suggestion into consideration and explore the possibility of expanding the payment options to accommodate a wider range of customers.', '16925417289.jpg', 20, 0, 17, 'Request: R-', 'Request', '2023-08-20 14:28:48', 'Approved', 'Thank you for your request. Stay with us.'),
(35, 'B190305021', 'I am writing to express my interest in a specific product listed on your website and to request a product demonstration or virtual guide that provides a comprehensive overview of its features and functionality. While the product description and images are informative, I believe that a more detailed demonstration could help me make a more informed purchasing decision.\r\n\r\n   Virtual demonstrations have become increasingly valuable in the digital age, as they allow customers to get a closer look at the product and its capabilities before making a purchase. Seeing the product in action can provide insights that static images and text descriptions may not convey effectively.\r\n\r\n   If there are videos, tutorials, or interactive guides available that showcase the product&#039;s use cases, setup process, and potential benefits, I would greatly appreciate access to those resources. Additionally, if there are representatives available for live chat or virtual consultations, that would also be a valuable resource for addressing any questions I may have.\r\n\r\n   Making an informed purchase is important to me, and having a better understanding of the product&#039;s features and functionality will contribute to my confidence in the decision. I hope you can provide the requested resources to assist me in this regard.\r\n', '169254177310.jpg', 19, 0, 14, 'Complain: C-', 'Complain', '2023-08-20 14:29:33', 'Approved', 'We have received your complain. Your complain will be resolved as soon as possible.'),
(36, 'B190305021', 'I am writing to share a suggestion that I believe could contribute to the growth and diversification of your company&#039;s offerings. Over the years, I have been a loyal customer and have consistently appreciated the quality of your products. However, I believe that there is an opportunity to expand your product range to cater to a broader customer base.\r\n\r\n   While your current products have earned their reputation for excellence, introducing new items or product variations could attract customers with varying preferences and needs. By diversifying your offerings, you could tap into different market segments and potentially increase your customer reach.\r\n\r\n   For instance, exploring new categories or introducing products with innovative features could set your company apart from competitors and position you as a forward-thinking brand. Market research and customer surveys could provide insights into the types of products that would resonate with your existing customer base and attract new ones.\r\n\r\n   I understand that product development involves careful planning, research, and investment. However, I believe that the rewards of expanding your product range could be significant, both in terms of customer loyalty and business growth. I hope you consider this suggestion as a way to further elevate your brand and cater to a diverse audience.', '169254180011.jpg', 20, 0, 14, 'Suggestion: S-', 'Suggestion', '2023-08-20 14:30:00', 'Approved', 'We have received your suggestion. Thank you!'),
(37, 'B190305021', 'I am writing to suggest an initiative that could greatly enhance your company&#039;s commitment to environmental sustainability: the adoption of eco-friendly packaging materials. As consumers become more conscious of their environmental impact, brands that demonstrate a dedication to reducing their carbon footprint stand out as leaders in responsible business practices.\r\n\r\n   Traditional packaging materials, such as plastic and excessive packaging, contribute to waste and harm the environment. By switching to eco-friendly alternatives\r\n\r\n, such as biodegradable or recyclable materials, your company can actively contribute to reducing plastic pollution and conserving natural resources.\r\n\r\n   Not only would eco-friendly packaging resonate with environmentally-conscious consumers, but it could also attract new customers who prioritize sustainable purchasing decisions. This initiative aligns with global efforts to promote eco-conscious behavior and could position your brand as a responsible corporate citizen.\r\n\r\n   I understand that implementing changes in packaging materials may require adjustments to your supply chain and additional investments. However, the long-term benefits in terms of positive brand image and customer loyalty could outweigh the initial costs. I hope you consider this suggestion as a step towards a greener and more sustainable future.\r\n\r\n3. **Title:** Implement a Loyalty Program\r\n   **Content:** I am writing to suggest the implementation of a customer loyalty program for your company. Loyalty programs have proven to be effective tools for fostering customer retention and incentivizing repeat purchases. As a long-time customer who values your products and services, I believe that introducing a loyalty program could enhance the overall customer experience.\r\n\r\n   Loyalty programs offer benefits such as exclusive discounts, early access to promotions, and rewards for frequent purchases. These perks not only provide value to loyal customers but also create a sense of belonging and appreciation for their continued support.\r\n\r\n   A well-designed loyalty program can also encourage customers to engage more with your brand, whether through referrals, social media interactions, or other forms of engagement. This increased engagement can contribute to a stronger community of brand advocates and boost word-of-mouth marketing.\r\n\r\n   If you decide to proceed with a loyalty program, I would suggest considering a points-based system that rewards customers for each purchase and offers tiers of benefits based on accumulated points. Clear communication about the program&#039;s benefits and how customers can participate would be essential for its success.\r\n\r\n   I believe that implementing a loyalty program could be a win-win situation for both your company and your customers. It shows that you value and appreciate their loyalty while providing them with added incentives to continue choosing your brand for their needs.', '169254184012.jpg', 15, 0, 14, 'Request: R-', 'Request', '2023-08-20 14:30:40', 'Approved', 'Thank you for your request. Stay with us.'),
(38, 'B190305043', 'I am writing to suggest the implementation of a virtual shopping assistance feature on your website. In today&#039;s digital age, personalized customer experiences play a crucial role in customer satisfaction and engagement. By offering live chat or virtual shopping assistance, you can enhance the online shopping journey and provide real-time support to customers.\r\n\r\n   Virtual shopping assistance allows customers to interact with knowledgeable staff who can answer their questions, provide product recommendations, and guide them through the purchasing process. This personalized approach replicates the in-store experience and can alleviate any uncertainties customers may have while shopping online.\r\n\r\n   The availability of real-time assistance could lead to higher conversion rates, as customers are more likely to complete their purchases when their questions are promptly addressed. Additionally, this feature could reduce the likelihood of abandoned carts and enhance overall customer satisfaction.\r\n\r\n   Implementing virtual shopping assistance may require integrating chatbots or employing customer service representatives dedicated to this channel. However, the investment in this feature could result in improved customer loyalty and increased sales, making it a worthwhile endeavor.\r\n\r\n   As a customer who values convenience and exceptional service, I believe that virtual shopping assistance would greatly enhance the online shopping experience and set your company apart as a leader in customer-centric practices.', '169254202313.jpg', 15, 0, 16, 'Complain: C-', 'Complain', '2023-08-20 14:33:43', 'Approved', 'We have received your complain. Your complain will be resolved as soon as possible.'),
(39, 'B190305043', 'I am writing to suggest a creative and mutually beneficial initiative that involves collaborating with local artisans and small businesses. In recent years, there has been a growing movement to support local craftsmanship and celebrate unique, handcrafted products. By partnering with local artisans, your company could offer exclusive and limited-edition products that resonate with a discerning customer base.\r\n\r\n   Collaborating with local artisans can result in products that are distinct and have a story to tell. These products often have a level of authenticity and attention to detail that mass-produced items may lack. Additionally, such partnerships could contribute to the growth of the local economy and foster a sense of community engagement.\r\n\r\n   The collaboration could take various forms, such as co-branded products, limited-time collections, or even events that showcase the craftsmanship behind these items. These initiatives can create a sense of anticipation and excitement among customers, encouraging them to explore and engage with your brand more deeply.\r\n\r\n   It&#039;s important to identify artisans and businesses whose values align with yours and whose products resonate with your target audience. The authenticity of the collaboration will be key to its success.\r\n\r\n   By collaborating with local artisans, your company can add a unique touch to its offerings while contributing to a positive social and economic impact. I believe that such partnerships could not only enhance your brand&#039;s appeal but also demonstrate a commitment to supporting local communities and preserving traditional craftsmanship.', '169254205214.jpg', 17, 0, 16, 'Suggestion: S-', 'Suggestion', '2023-08-20 14:34:12', 'Approved', 'We have received your suggestion. Thank you!'),
(40, 'B190305043', 'I am writing to suggest a creative and mutually beneficial initiative that involves collaborating with local artisans and small businesses. In recent years, there has been a growing movement to support local craftsmanship and celebrate unique, handcrafted products. By partnering with local artisans, your company could offer exclusive and limited-edition products that resonate with a discerning customer base.\r\n\r\n   Collaborating with local artisans can result in products that are distinct and have a story to tell. These products often have a level of authenticity and attention to detail that mass-produced items may lack. Additionally, such partnerships could contribute to the growth of the local economy and foster a sense of community engagement.\r\n\r\n   The collaboration could take various forms, such as co-branded products, limited-time collections, or even events that showcase the craftsmanship behind these items. These initiatives can create a sense of anticipation and excitement among customers, encouraging them to explore and engage with your brand more deeply.\r\n\r\n   It&#039;s important to identify artisans and businesses whose values align with yours and whose products resonate with your target audience. The authenticity of the collaboration will be key to its success.\r\n\r\n   By collaborating with local artisans, your company can add a unique touch to its offerings while contributing to a positive social and economic impact. I believe that such partnerships could not only enhance your brand&#039;s appeal but also demonstrate a commitment to supporting local communities and preserving traditional craftsmanship.', '169254206815.jpg', 19, 0, 16, 'Request: R-', 'Request', '2023-08-20 14:34:28', 'Approved', 'Thank you for your request. Stay with us.'),
(41, 'B190305003', 'I am writing to suggest a creative and mutually beneficial initiative that involves collaborating with local artisans and small businesses. In recent years, there has been a growing movement to support local craftsmanship and celebrate unique, handcrafted products. By partnering with local artisans, your company could offer exclusive and limited-edition products that resonate with a discerning customer base.\r\n\r\n   Collaborating with local artisans can result in products that are distinct and have a story to tell. These products often have a level of authenticity and attention to detail that mass-produced items may lack. Additionally, such partnerships could contribute to the growth of the local economy and foster a sense of community engagement.\r\n\r\n   The collaboration could take various forms, such as co-branded products, limited-time collections, or even events that showcase the craftsmanship behind these items. These initiatives can create a sense of anticipation and excitement among customers, encouraging them to explore and engage with your brand more deeply.\r\n\r\n   It&#039;s important to identify artisans and businesses whose values align with yours and whose products resonate with your target audience. The authenticity of the collaboration will be key to its success.\r\n\r\n   By collaborating with local artisans, your company can add a unique touch to its offerings while contributing to a positive social and economic impact. I believe that such partnerships could not only enhance your brand&#039;s appeal but also demonstrate a commitment to supporting local communities and preserving traditional craftsmanship.', '169255365111.jpg', 13, 0, 13, 'Complain: C-', 'Complain', '2023-08-20 17:47:31', 'Approved', 'We have received your complain. Your complain will be resolved as soon as possible.'),
(42, 'B190305003', 'I am writing to suggest the implementation of a virtual shopping assistance feature on your website. In today&#039;s digital age, personalized customer experiences play a crucial role in customer satisfaction and engagement. By offering live chat or virtual shopping assistance, you can enhance the online shopping journey and provide real-time support to customers.\r\n\r\n   Virtual shopping assistance allows customers to interact with knowledgeable staff who can answer their questions, provide product recommendations, and guide them through the purchasing process. This personalized approach replicates the in-store experience and can alleviate any uncertainties customers may have while shopping online.\r\n\r\n   The availability of real-time assistance could lead to higher conversion rates, as customers are more likely to complete their purchases when their questions are promptly addressed. Additionally, this feature could reduce the likelihood of abandoned carts and enhance overall customer satisfaction.\r\n\r\n   Implementing virtual shopping assistance may require integrating chatbots or employing customer service representatives dedicated to this channel. However, the investment in this feature could result in improved customer loyalty and increased sales, making it a worthwhile endeavor.\r\n\r\n   As a customer who values convenience and exceptional service, I believe that virtual shopping assistance would greatly enhance the online shopping experience and set your company apart as a leader in customer-centric practices.', '16925536933.jpg', 21, 0, 13, 'Suggestion: S-', 'Suggestion', '2023-08-20 17:48:13', 'Approved', 'We have received your suggestion. Thank you!'),
(43, 'B190305003', 'I am writing to suggest the implementation of a virtual shopping assistance feature on your website. In today&#039;s digital age, personalized customer experiences play a crucial role in customer satisfaction and engagement. By offering live chat or virtual shopping assistance, you can enhance the online shopping journey and provide real-time support to customers.\r\n\r\n   Virtual shopping assistance allows customers to interact with knowledgeable staff who can answer their questions, provide product recommendations, and guide them through the purchasing process. This personalized approach replicates the in-store experience and can alleviate any uncertainties customers may have while shopping online.\r\n\r\n   The availability of real-time assistance could lead to higher conversion rates, as customers are more likely to complete their purchases when their questions are promptly addressed. Additionally, this feature could reduce the likelihood of abandoned carts and enhance overall customer satisfaction.\r\n\r\n   Implementing virtual shopping assistance may require integrating chatbots or employing customer service representatives dedicated to this channel. However, the investment in this feature could result in improved customer loyalty and increased sales, making it a worthwhile endeavor.\r\n\r\n   As a customer who values convenience and exceptional service, I believe that virtual shopping assistance would greatly enhance the online shopping experience and set your company apart as a leader in customer-centric practices.', '16925537077.jpg', 13, 0, 13, 'Request: R-', 'Request', '2023-08-20 17:48:27', 'Approved', 'Thank you for your request. Stay with us.'),
(44, 'B190305034', 'I am writing to suggest the implementation of a customer loyalty program for your company. Loyalty programs have proven to be effective tools for fostering customer retention and incentivizing repeat purchases. As a long-time customer who values your products and services, I believe that introducing a loyalty program could enhance the overall customer experience.\r\n\r\n   Loyalty programs offer benefits such as exclusive discounts, early access to promotions, and rewards for frequent purchases. These perks not only provide value to loyal customers but also create a sense of belonging and appreciation for their continued support.\r\n\r\n   A well-designed loyalty program can also encourage customers to engage more with your brand, whether through referrals, social media interactions, or other forms of engagement. This increased engagement can contribute to a stronger community of brand advocates and boost word-of-mouth marketing.\r\n\r\n   If you decide to proceed with a loyalty program, I would suggest considering a points-based system that rewards customers for each purchase and offers tiers of benefits based on accumulated points. Clear communication about the program&#039;s benefits and how customers can participate would be essential for its success.\r\n\r\n   I believe that implementing a loyalty program could be a win-win situation for both your company and your customers. It shows that you value and appreciate their loyalty while providing them with added incentives to continue choosing your brand for their needs.', '169255385610.jpg', 21, 0, 15, 'Complain: C-', 'Complain', '2023-08-20 17:50:56', 'Approved', 'We have received your complain. Your complain will be resolved as soon as possible.'),
(45, 'B190305034', 'I am writing to suggest the implementation of a customer loyalty program for your company. Loyalty programs have proven to be effective tools for fostering customer retention and incentivizing repeat purchases. As a long-time customer who values your products and services, I believe that introducing a loyalty program could enhance the overall customer experience.\r\n\r\n   Loyalty programs offer benefits such as exclusive discounts, early access to promotions, and rewards for frequent purchases. These perks not only provide value to loyal customers but also create a sense of belonging and appreciation for their continued support.\r\n\r\n   A well-designed loyalty program can also encourage customers to engage more with your brand, whether through referrals, social media interactions, or other forms of engagement. This increased engagement can contribute to a stronger community of brand advocates and boost word-of-mouth marketing.\r\n\r\n   If you decide to proceed with a loyalty program, I would suggest considering a points-based system that rewards customers for each purchase and offers tiers of benefits based on accumulated points. Clear communication about the program&#039;s benefits and how customers can participate would be essential for its success.\r\n\r\n   I believe that implementing a loyalty program could be a win-win situation for both your company and your customers. It shows that you value and appreciate their loyalty while providing them with added incentives to continue choosing your brand for their needs.', '169255386614.jpg', 13, 0, 15, 'Request: R-', 'Request', '2023-08-20 17:51:06', 'Approved', 'Thank you for your request. Stay with us.'),
(46, 'B190305034', 'I am writing to suggest the implementation of a customer loyalty program for your company. Loyalty programs have proven to be effective tools for fostering customer retention and incentivizing repeat purchases. As a long-time customer who values your products and services, I believe that introducing a loyalty program could enhance the overall customer experience.\r\n\r\n   Loyalty programs offer benefits such as exclusive discounts, early access to promotions, and rewards for frequent purchases. These perks not only provide value to loyal customers but also create a sense of belonging and appreciation for their continued support.\r\n\r\n   A well-designed loyalty program can also encourage customers to engage more with your brand, whether through referrals, social media interactions, or other forms of engagement. This increased engagement can contribute to a stronger community of brand advocates and boost word-of-mouth marketing.\r\n\r\n   If you decide to proceed with a loyalty program, I would suggest considering a points-based system that rewards customers for each purchase and offers tiers of benefits based on accumulated points. Clear communication about the program&#039;s benefits and how customers can participate would be essential for its success.\r\n\r\n   I believe that implementing a loyalty program could be a win-win situation for both your company and your customers. It shows that you value and appreciate their loyalty while providing them with added incentives to continue choosing your brand for their needs.', '16925538885.jpg', 21, 0, 15, 'Suggestion: S-', 'Suggestion', '2023-08-20 17:51:28', 'Approved', 'We have received your suggestion. Thank you!'),
(47, 'B190305034', 'I am writing to express my extreme disappointment and frustration regarding the late delivery of an order I placed with your company. This delay has not only inconvenienced me but has also caused me to miss an important deadline that I was relying on. This situation is entirely unacceptable, and I am compelled to bring it to your attention.\r\n\r\n   When I made the purchase from your online store, I was provided with an estimated delivery date that I relied upon for planning. Unfortunately, that date came and went without any sign of the package. I had made arrangements and commitments based on the assumption that the order would arrive on time, and the delay has caused me significant problems both personally and professionally.\r\n\r\n   Time-sensitive commitments are a common aspect of life, and customers rely on accurate delivery estimates to make informed decisions. In this case, your company&#039;s failure to meet its own promised timeline has resulted in tangible consequences for me.\r\n\r\n   I expect an immediate explanation for the cause of the delay and a commitment to ensuring that such delays do not occur in the future. Additionally, I demand appropriate compensation for the inconvenience and the negative impact this situation has had on my schedule and commitments.\r\n\r\n   It&#039;s important to acknowledge that reliable and punctual delivery is a key factor in customer satisfaction. I hope that this complaint prompts your company to take a closer look at its logistics and delivery processes to prevent such instances from occurring in the future.', '169255449213.jpg', 21, 0, 15, 'Request: R-', 'Request', '2023-08-20 18:01:32', 'Approved', ''),
(48, 'B190305034', 'I am writing to express my utmost disappointment and frustration with the recent customer service experience I encountered with your company. As a loyal customer, I have always expected a certain level of professionalism and assistance, but unfortunately, my recent interaction fell far short of those expectations.\r\n\r\n   A few days ago, I called your customer service helpline to address an issue I was facing with a product I had purchased from your online store. Not only did the representative on the other end of the line seem disinterested in my concerns, but their tone and attitude were also outright rude. I was taken aback by the lack of empathy and unwillingness to assist.\r\n\r\n   Customer service should be the cornerstone of any successful business. It&#039;s not just about solving problems; it&#039;s about making customers feel valued and heard. In this regard, your company has certainly failed. I felt like my concerns were brushed aside and that my experience as a customer was inconsequential.\r\n\r\n   I demand that this matter be addressed promptly and effectively. I expect an apology for the disrespectful treatment I received from your representative. Additionally, I request a clear resolution to my original issue. This includes a replacement for the defective product I received or a full refund, along with an assurance that steps are being taken to improve your customer service practices.\r\n\r\n   Customer loyalty is built on trust and satisfaction, and this incident has severely shaken my confidence in your brand. I hope you take this feedback seriously and make the necessary changes to prevent such incidents from occurring in the future. It&#039;s important to remember that every customer interaction has the potential to either strengthen or weaken the bond between a company and its patrons.', '16925545426.jpg', 21, 0, 15, 'Suggestion: S-', 'Suggestion', '2023-08-20 18:02:22', 'Pending', ''),
(49, 'B190305034', 'I am writing to express my extreme disappointment and frustration regarding the late delivery of an order I placed with your company. This delay has not only inconvenienced me but has also caused me to miss an important deadline that I was relying on. This situation is entirely unacceptable, and I am compelled to bring it to your attention.\r\n\r\n   When I made the purchase from your online store, I was provided with an estimated delivery date that I relied upon for planning. Unfortunately, that date came and went without any sign of the package. I had made arrangements and commitments based on the assumption that the order would arrive on time, and the delay has caused me significant problems both personally and professionally.\r\n\r\n   Time-sensitive commitments are a common aspect of life, and customers rely on accurate delivery estimates to make informed decisions. In this case, your company&#039;s failure to meet its own promised timeline has resulted in tangible consequences for me.\r\n\r\n   I expect an immediate explanation for the cause of the delay and a commitment to ensuring that such delays do not occur in the future. Additionally, I demand appropriate compensation for the inconvenience and the negative impact this situation has had on my schedule and commitments.\r\n\r\n   It&#039;s important to acknowledge that reliable and punctual delivery is a key factor in customer satisfaction. I hope that this complaint prompts your company to take a closer look at its logistics and delivery processes to prevent such instances from occurring in the future.', '16925546371.jpg', 15, 0, 15, 'Suggestion: S-', 'Suggestion', '2023-08-20 18:03:57', 'Pending', ''),
(50, 'B190305035', 'I am writing to express my disappointment and frustration with the recent purchase I made from your company. The product I received is drastically different from the one described on your website, and this misrepresentation has left me feeling misled and dissatisfied as a customer.\r\n\r\n   When I made the purchase, I carefully reviewed the product description and images provided on your website to ensure that it met my needs and expectations. However, upon receiving the product, I was shocked to find that it did not match the description at all. The size, color, and features of the item were all different from what was advertised.\r\n\r\n   This situation is not only frustrating but also a waste of my time and money. I chose your company over others based on the information you provided, and it&#039;s disheartening to think that this information was inaccurate or misleading.\r\n\r\n   I insist on a resolution to this matter. I demand a full refund for the purchase and any associated shipping costs. Additionally, I encourage your company to take a closer look at its product listings to ensure that they are accurate and reflective of the actual items being sold.\r\n\r\n   Trust is a fundamental aspect of any customer-brand relationship. In this\r\n\r\n case, that trust has been compromised due to the mismatch between the advertised product and the one I received. I hope that you take this feedback seriously and use it as an opportunity to improve your product representation and customer experience.', '169255618012.jpg', 13, 0, 26, 'Complain: C-', 'Complain', '2023-08-20 18:29:40', 'Approved', 'We have received your complain. Your complain will be resolved as soon as possible.'),
(51, 'B190305035', 'I am writing to express my extreme disappointment and frustration regarding the late delivery of an order I placed with your company. This delay has not only inconvenienced me but has also caused me to miss an important deadline that I was relying on. This situation is entirely unacceptable, and I am compelled to bring it to your attention.\r\n\r\n   When I made the purchase from your online store, I was provided with an estimated delivery date that I relied upon for planning. Unfortunately, that date came and went without any sign of the package. I had made arrangements and commitments based on the assumption that the order would arrive on time, and the delay has caused me significant problems both personally and professionally.\r\n\r\n   Time-sensitive commitments are a common aspect of life, and customers rely on accurate delivery estimates to make informed decisions. In this case, your company&#039;s failure to meet its own promised timeline has resulted in tangible consequences for me.\r\n\r\n   I expect an immediate explanation for the cause of the delay and a commitment to ensuring that such delays do not occur in the future. Additionally, I demand appropriate compensation for the inconvenience and the negative impact this situation has had on my schedule and commitments.\r\n\r\n   It&#039;s important to acknowledge that reliable and punctual delivery is a key factor in customer satisfaction. I hope that this complaint prompts your company to take a closer look at its logistics and delivery processes to prevent such instances from occurring in the future.', '16925562023.jpg', 13, 0, 26, 'Request: R-', 'Request', '2023-08-20 18:30:02', 'Approved', 'Thank you for your request. Stay with us.'),
(52, 'B190305035', 'I am writing to express my disappointment and frustration with the recent purchase I made from your company. The product I received is drastically different from the one described on your website, and this misrepresentation has left me feeling misled and dissatisfied as a customer.\r\n\r\n   When I made the purchase, I carefully reviewed the product description and images provided on your website to ensure that it met my needs and expectations. However, upon receiving the product, I was shocked to find that it did not match the description at all. The size, color, and features of the item were all different from what was advertised.\r\n\r\n   This situation is not only frustrating but also a waste of my time and money. I chose your company over others based on the information you provided, and it&#039;s disheartening to think that this information was inaccurate or misleading.\r\n\r\n   I insist on a resolution to this matter. I demand a full refund for the purchase and any associated shipping costs. Additionally, I encourage your company to take a closer look at its product listings to ensure that they are accurate and reflective of the actual items being sold.\r\n\r\n   Trust is a fundamental aspect of any customer-brand relationship. In this\r\n\r\n case, that trust has been compromised due to the mismatch between the advertised product and the one I received. I hope that you take this feedback seriously and use it as an opportunity to improve your product representation and customer experience.', '16925562157.jpg', 13, 0, 26, 'Suggestion: S-', 'Suggestion', '2023-08-20 18:30:15', 'Approved', 'We have received your suggestion. Thank you!'),
(53, 'B190305035', 'I am writing to express my disappointment and frustration with the recent purchase I made from your company. The product I received is drastically different from the one described on your website, and this misrepresentation has left me feeling misled and dissatisfied as a customer.\r\n\r\n   When I made the purchase, I carefully reviewed the product description and images provided on your website to ensure that it met my needs and expectations. However, upon receiving the product, I was shocked to find that it did not match the description at all. The size, color, and features of the item were all different from what was advertised.\r\n\r\n   This situation is not only frustrating but also a waste of my time and money. I chose your company over others based on the information you provided, and it&#039;s disheartening to think that this information was inaccurate or misleading.\r\n\r\n   I insist on a resolution to this matter. I demand a full refund for the purchase and any associated shipping costs. Additionally, I encourage your company to take a closer look at its product listings to ensure that they are accurate and reflective of the actual items being sold.\r\n\r\n   Trust is a fundamental aspect of any customer-brand relationship. In this\r\n\r\n case, that trust has been compromised due to the mismatch between the advertised product and the one I received. I hope that you take this feedback seriously and use it as an opportunity to improve your product representation and customer experience.', '16925563779.jpg', 21, 0, 26, 'Request: R-', 'Request', '2023-08-20 18:32:57', 'Pending', ''),
(54, 'B190305034', 'I am writing to express my extreme disappointment and frustration regarding the late delivery of an order I placed with your company. This delay has not only inconvenienced me but has also caused me to miss an important deadline that I was relying on. This situation is entirely unacceptable, and I am compelled to bring it to your attention.\r\n\r\n   When I made the purchase from your online store, I was provided with an estimated delivery date that I relied upon for planning. Unfortunately, that date came and went without any sign of the package. I had made arrangements and commitments based on the assumption that the order would arrive on time, and the delay has caused me significant problems both personally and professionally.\r\n\r\n   Time-sensitive commitments are a common aspect of life, and customers rely on accurate delivery estimates to make informed decisions. In this case, your company&#039;s failure to meet its own promised timeline has resulted in tangible consequences for me.\r\n\r\n   I expect an immediate explanation for the cause of the delay and a commitment to ensuring that such delays do not occur in the future. Additionally, I demand appropriate compensation for the inconvenience and the negative impact this situation has had on my schedule and commitments.\r\n\r\n   It&#039;s important to acknowledge that reliable and punctual delivery is a key factor in customer satisfaction. I hope that this complaint prompts your company to take a closer look at its logistics and delivery processes to prevent such instances from occurring in the future.', '16925564586.jpg', 13, 0, 15, 'Complain: C-', 'Complain', '2023-08-20 18:34:18', 'Pending', '');

-- --------------------------------------------------------

--
-- Table structure for table `usermanagement`
--

CREATE TABLE `usermanagement` (
  `id` int(10) NOT NULL,
  `firstname` varchar(255) NOT NULL,
  `lastname` varchar(255) NOT NULL,
  `userid` varchar(255) NOT NULL,
  `email` varchar(255) NOT NULL,
  `password` varchar(255) NOT NULL,
  `picture` varchar(255) NOT NULL,
  `stat` varchar(255) NOT NULL,
  `admin-status` varchar(255) NOT NULL
) ENGINE=InnoDB DEFAULT CHARSET=utf8mb4 COLLATE=utf8mb4_general_ci;

--
-- Dumping data for table `usermanagement`
--

INSERT INTO `usermanagement` (`id`, `firstname`, `lastname`, `userid`, `email`, `password`, `picture`, `stat`, `admin-status`) VALUES
(13, 'Nishat', 'Mahmud', 'B190305003', 'nishat@gmail.com', '$2y$10$pWOGS0.X/O5HMx7UeRS9..3V7Y4fT444JU7cRLei8eutpV0FYVvm6', '1692476128Nishat Mahmud.jpg', 'active', 'Yes'),
(14, 'Asir Shahriar', 'Roudra', 'B190305021', 'roudra@gmail.com', '$2y$10$cM4PZzrTMxgrIyFbKG61EOUcR1WLZNRR4MPrqoAU/6Yti9FiQS1G.', '1692476216Asir Shahriar Roudra.jpg', 'active', 'No'),
(15, 'Md. Waliul Islam', 'Rayhan', 'B190305034', 'rayhan@gmail.com', '$2y$10$IAh6tcLsiH5JxJpqLEI5H.Gaan1FNTRBEEvUIpxb95HY2VFc2BAja', '1692476309Waliul Islam.jpg', 'active', 'Yes'),
(16, 'Farhan Masud', 'Shohag', 'B190305043', 'farhan@gmail.com', '$2y$10$zPydxMsOBgrnoX9vE3GFm.fJCjPx69zHR3Cspxq5p6p05b8WGIXOC', '1692476745Farhan Masud.jpg', 'active', 'No'),
(17, 'Nahid', 'Hasan', 'B190305020', 'nahid@gmail.com', '$2y$10$OPDfg94tidvNXbB0DXeUOu8YNXXGsnwsQilpDNZcYd2tPSCMPpHjW', '1692476791Nahid Hasan.jpg', 'active', 'No'),
(18, 'Fahim', 'Hasan', 'B190305029', 'fahim@gmail.com', '$2y$10$AvZycOKZrSfosD4oHDa4peSRfVLWyMjVmsowAsazwrDndWokhgO/i', '1692476833Fahim Hasan.jpg', 'active', 'No'),
(21, 'Md. Emamul', 'Haque Rafi', 'B190305052', 'rafi@gmail.com', '$2y$10$igp2vCIENd5GaM6gTw1O8.A0tPhuKZg6Bw1TWUqNri8OnPZVfn7s6', '1692547057rafi.jpg', 'active', 'No'),
(22, 'Farhana Akter', 'Suci', 'B190305001', 'suci@gmail.com', '$2y$10$uzPc9QkdJ2eAqzEtAZkf6..oNi6gM3hT51iAO0lSeV.RRFdvJyU7e', '1692554991suci.jpg', 'pending', 'No'),
(23, 'A.M. Rakib', 'Hasan', 'B190305002', 'rakib@gmail.com', '$2y$10$Tg2GsVosrk82vLW6c0YQ3.LPJkP9zkRPK78PLbpdysA6SlXqUhHW2', '1692555089rakib.jpg', 'active', 'No'),
(24, 'Rifah Sajida', 'Diya', 'B190305004', 'diya@gmail.com', '$2y$10$Ua8wp1P36Cib4UOTK3FW1u6ockg5kCO4YlqluSXKa4EKQtsds/SoS', '1692555174diya.jpg', 'pending', 'No'),
(25, 'Assifuzzaman', 'Asif', 'B190305023', 'asif@gmail.com', '$2y$10$8i7QW6N3S5Gqr1DDaV44DeCrCVhG0cVvxytf2nu5r1msvtAKYo.MO', '1692555288asif.jpg', 'pending', 'No'),
(26, 'Md. Sakibul', 'Islam', 'B190305035', 'sakib@gmail.com', '$2y$10$U.PUco39eDuX9nqzy1qEs.j6c8bF6EhxQjfh7rvezYmRBAjdXnxJK', '1692555444sakib.jpg', 'pending', 'No');

--
-- Indexes for dumped tables
--

--
-- Indexes for table `adminaddoffice`
--
ALTER TABLE `adminaddoffice`
  ADD PRIMARY KEY (`id`);

--
-- Indexes for table `adminmanagement`
--
ALTER TABLE `adminmanagement`
  ADD PRIMARY KEY (`id`);

--
-- Indexes for table `post`
--
ALTER TABLE `post`
  ADD PRIMARY KEY (`id`);

--
-- Indexes for table `usermanagement`
--
ALTER TABLE `usermanagement`
  ADD PRIMARY KEY (`id`);

--
-- AUTO_INCREMENT for dumped tables
--

--
-- AUTO_INCREMENT for table `adminaddoffice`
--
ALTER TABLE `adminaddoffice`
  MODIFY `id` int(20) NOT NULL AUTO_INCREMENT, AUTO_INCREMENT=26;

--
-- AUTO_INCREMENT for table `adminmanagement`
--
ALTER TABLE `adminmanagement`
  MODIFY `id` int(20) NOT NULL AUTO_INCREMENT, AUTO_INCREMENT=5;

--
-- AUTO_INCREMENT for table `post`
--
ALTER TABLE `post`
  MODIFY `id` int(20) NOT NULL AUTO_INCREMENT, AUTO_INCREMENT=55;

--
-- AUTO_INCREMENT for table `usermanagement`
--
ALTER TABLE `usermanagement`
  MODIFY `id` int(10) NOT NULL AUTO_INCREMENT, AUTO_INCREMENT=27;
COMMIT;

/*!40101 SET CHARACTER_SET_CLIENT=@OLD_CHARACTER_SET_CLIENT */;
/*!40101 SET CHARACTER_SET_RESULTS=@OLD_CHARACTER_SET_RESULTS */;
/*!40101 SET COLLATION_CONNECTION=@OLD_COLLATION_CONNECTION */;
